{
  "seeds": [
    0,
    42,
    123,
    2024,
    999
  ],
  "max_accuracy_per_seed": [
    0.651,
    0.685,
    0.658,
    0.697,
    0.656
  ],
  "mean_best_accuracy": 0.6694000000000001,
  "standard deviation": 0.018183509012289115,
  "note": "Data Sample Noise = 0.3\nZZ Feature Map\n"
}