{
  "seeds": [
    0,
    42,
    123,
    2024,
    999
  ],
  "max_accuracy_per_seed": [
    0.824,
    0.826,
    0.826,
    0.826,
    0.825
  ],
  "mean_best_accuracy": 0.8253999999999999,
  "standard deviation": 0.0008000000000000007,
  "note": "Data Sample Noise = 0.2\nAmplitude Embedding - No Ancillas\n"
}